Id,Position,First Name,Nickname,Last Name,FPPG,Played,Salary,Game,Team,Opponent,Injury Indicator,Injury Details,Tier,Probable Pitcher,Batting Order,Roster Position
56841-16959,P,Trevor,Trevor Bauer,Bauer,45.5,2,11000,WSH@LAD,LAD,WSH,,,,,,P
56841-5481,P,Max,Max Scherzer,Scherzer,33,1,10500,WSH@LAD,WSH,LAD,,,,,,P
56841-16960,P,Zack,Zack Wheeler,Wheeler,39,2,10500,PHI@ATL,PHI,ATL,,,,,,P
56841-16931,P,Yu,Yu Darvish,Darvish,30,2,10200,SD@TEX,SD,TEX,,,,,,P
56841-52166,P,Julio,Julio Urias,Urias,46,1,10000,WSH@LAD,LAD,WSH,,,,Yes,,P
56841-68488,P,Blake,Blake Snell,Snell,35.5,2,9800,SD@TEX,SD,TEX,,,,,,P
56841-68523,P,Joe,Joe Musgrove,Musgrove,59.5,2,9700,SD@TEX,SD,TEX,,,,,,P
56841-10978,P,Stephen,Stephen Strasburg,Strasburg,46,1,9600,WSH@LAD,WSH,LAD,,,,,,P
56841-68482,P,Zach,Zach Eflin,Eflin,46,1,9600,PHI@ATL,PHI,ATL,,,,Yes,,P
56841-12477,P,Chris,Chris Sale,Sale,,,9500,BOS@BAL,BOS,BAL,IL,Elbow,,,,P
56841-85251,P,Zac,Zac Gallen,Gallen,37.5,12,9500,CIN@ARI,ARI,CIN,IL,Forearm,,,,P
56841-79168,P,Walker,Walker Buehler,Buehler,34,2,9400,WSH@LAD,LAD,WSH,,,,,,P
56841-80433,P,Dinelson,Dinelson Lamet,Lamet,40,12,9400,SD@TEX,SD,TEX,IL,Elbow,,,,P
56841-52174,P,Steven,Steven Matz,Matz,53,1,9200,LAA@TOR,TOR,LAA,,,,Yes,,P
56841-60647,P,Aaron,Aaron Nola,Nola,30,2,9100,PHI@ATL,PHI,ATL,,,,,,P
56841-5427,P,Clayton,Clayton Kershaw,Kershaw,30,2,9000,WSH@LAD,LAD,WSH,,,,,,P
56841-82540,P,Tanner,Tanner Houck,Houck,21,2,9000,BOS@BAL,BOS,BAL,,,,,,P
56841-17064,P,Sonny,Sonny Gray,Gray,33.18181818181818,11,8700,CIN@ARI,CIN,ARI,IL,Back,,,,P
56841-79078,P,Ian,Ian Anderson,Anderson,33,1,8600,PHI@ATL,ATL,PHI,,,,Yes,,P
56841-13664,P,Patrick,Patrick Corbin,Corbin,28.272727272727273,11,8500,WSH@LAD,WSH,LAD,IL,Not injury related,,,,P
56841-70559,P,Mike,Mike Clevinger,Clevinger,29.625,8,8500,SD@TEX,SD,TEX,IL,Elbow,,,,P
56841-79109,P,Tyler,Tyler Mahle,Mahle,36,2,8400,CIN@ARI,CIN,ARI,,,,,,P
56841-52185,P,Max,Max Fried,Fried,16.5,2,8300,PHI@ATL,ATL,PHI,,,,,,P
56841-37014,P,Hyun Jin,Hyun Jin Ryu,Ryu,32.5,2,8200,LAA@TOR,TOR,LAA,,,,,,P
56841-12929,P,Jordan,Jordan Lyles,Lyles,41,1,8200,SD@TEX,TEX,SD,,,,Yes,,P
56841-52142,P,Eduardo,Eduardo Rodriguez,Rodriguez,33,1,8200,BOS@BAL,BOS,BAL,,,,,,P
56841-79073,P,Mike,Mike Soroka,Soroka,17,3,8000,PHI@ATL,ATL,PHI,IL,Shoulder,,,,P
56841-85265,P,Taylor,Taylor Widener,Widener,29,2,8000,CIN@ARI,ARI,CIN,,,,,,P
56841-82582,P,Griffin,Griffin Canning,Canning,25,1,8000,LAA@TOR,LAA,TOR,,,,,,P
56841-141024,P,Bruce,Bruce Zimmermann,Zimmermann,34,1,8000,BOS@BAL,BAL,BOS,,,,Yes,,P
56841-16957,P,Dylan,Dylan Bundy,Bundy,38.5,2,7900,LAA@TOR,LAA,TOR,,,,,,P
56841-60656,P,Jeff,Jeff Hoffman,Hoffman,36,1,7700,CIN@ARI,CIN,ARI,,,,Yes,,P
56841-79162,P,Luis,Luis Castillo,Castillo,16,2,7600,CIN@ARI,CIN,ARI,,,,,,P
56841-53029,P,Robbie,Robbie Ray,Ray,21.416666666666668,12,7600,LAA@TOR,TOR,LAA,IL,Elbow,,,,P
56841-97300,P,John,John Means,Means,34.5,2,7500,BOS@BAL,BAL,BOS,,,,,,P
56841-5466,P,Charlie,Charlie Morton,Morton,33.5,2,7500,PHI@ATL,ATL,PHI,,,,,,P
56841-101881,P,Merrill,Merrill Kelly,Kelly,9,2,7500,CIN@ARI,ARI,CIN,,,,,,P
56841-79103,P,Dane,Dane Dunning,Dunning,36,1,7400,SD@TEX,TEX,SD,,,,,,P
56841-17087,P,Drew,Drew Smyly,Smyly,40,1,7300,PHI@ATL,ATL,PHI,,,,,,P
56841-5784,P,David,David Price,Price,1,2,7200,WSH@LAD,LAD,WSH,,,,,,P
56841-13233,P,Nathan,Nathan Eovaldi,Eovaldi,37,2,7200,BOS@BAL,BOS,BAL,,,,,,P
56841-5369,P,Jon,Jon Lester,Lester,19.833333333333332,12,7100,WSH@LAD,WSH,LAD,IL,Not injury related,,,,P
56841-13123,P,Alex,Alex Cobb,Cobb,34,1,7100,LAA@TOR,LAA,TOR,,,,,,P
56841-12946,P,Matt,Matt Moore,Moore,16,1,7000,PHI@ATL,PHI,ATL,,,,,,P
56841-102343,P,Tony,Tony Gonsolin,Gonsolin,29.555555555555557,9,7000,WSH@LAD,LAD,WSH,IL,Shoulder,,,,P
56841-52167,P,Andrew,Andrew Heaney,Heaney,27.5,2,7000,LAA@TOR,LAA,TOR,,,,,,P
56841-81051,P,Caleb,Caleb Smith,Smith,14,3,6900,CIN@ARI,ARI,CIN,,,,,,P
56841-79224,P,Chris,Chris Paddack,Paddack,15,1,6900,SD@TEX,SD,TEX,,,,Yes,,P
56841-38272,P,Mike,Mike Foltynewicz,Foltynewicz,21,1,6900,SD@TEX,TEX,SD,,,,,,P
56841-38311,P,Ross,Ross Stripling,Stripling,17,2,6800,LAA@TOR,TOR,LAA,,,,,,P
56841-82594,P,Dustin,Dustin May,May,52,1,6800,WSH@LAD,LAD,WSH,,,,,,P
56841-11328,P,Martin,Martin Perez,Perez,24,1,6700,BOS@BAL,BOS,BAL,,,,,,P
56841-60627,P,Touki,Touki Toussaint,Toussaint,13.571428571428571,7,6600,PHI@ATL,ATL,PHI,IL,Shoulder,,,,P
56841-102447,P,Dean,Dean Kremer,Kremer,15,1,6500,BOS@BAL,BAL,BOS,,,,,,P
56841-62872,P,Vince,Vince Velasquez,Velasquez,4,1,6500,PHI@ATL,PHI,ATL,,,,,,P
56841-17074,P,Matt,Matt Harvey,Harvey,19,2,6500,BOS@BAL,BAL,BOS,,,,,,P
56841-6311,P,Madison,Madison Bumgarner,Bumgarner,8,3,6400,CIN@ARI,ARI,CIN,,,,,,P
56841-21099,P,Jose,Jose Quintana,Quintana,13,1,6400,LAA@TOR,LAA,TOR,,,,Yes,,P
56841-12934,P,Tyler,Tyler Chatwood,Chatwood,5.666666666666667,3,6400,LAA@TOR,TOR,LAA,IL,Triceps,,,,P
56841-79071,P,Taylor,Taylor Clarke,Clarke,5,3,6300,CIN@ARI,ARI,CIN,,,,,,P
56841-52728,P,Michael,Michael Lorenzen,Lorenzen,7.6521739130434785,23,6300,CIN@ARI,CIN,ARI,IL,Shoulder,,,,P
56841-12972,P,Wade,Wade Miley,Miley,46,1,6200,CIN@ARI,CIN,ARI,,,,,,P
56841-68564,P,Erick,Erick Fedde,Fedde,-7,1,6200,WSH@LAD,WSH,LAD,,,,,,P
56841-79951,P,Nick,Nick Pivetta,Pivetta,33,1,6100,BOS@BAL,BOS,BAL,,,,,,P
56841-38101,P,Tanner,Tanner Roark,Roark,0,1,6100,LAA@TOR,TOR,LAA,,,,,,P
56841-79276,P,T.J.,T.J. Zeuch,Zeuch,11,2,6100,LAA@TOR,TOR,LAA,,,,,,P
56841-15221,P,Tommy,Tommy Milone,Milone,12,1,6100,LAA@TOR,TOR,LAA,,,,,,P
56841-79067,P,Alex,Alex Young,Young,4,4,6000,CIN@ARI,ARI,CIN,,,,,,P
56841-79076,P,Kolby,Kolby Allard,Allard,3,1,6000,SD@TEX,TEX,SD,,,,,,P
56841-38164,P,Jimmy,Jimmy Nelson,Nelson,3,3,6000,WSH@LAD,LAD,WSH,,,,,,P
56841-79201,P,Anthony,Anthony Kay,Kay,8.076923076923077,13,6000,LAA@TOR,TOR,LAA,,,,,,P
56841-72265,P,Matt,Matt Strahm,Strahm,4.684210526315789,19,6000,SD@TEX,SD,TEX,IL,Knee,,,,P
56841-12936,P,Kyle,Kyle Gibson,Gibson,20.5,2,6000,SD@TEX,TEX,SD,,,,,,P
56841-52873,P,Joe,Joe Ross,Ross,27,1,6000,WSH@LAD,WSH,LAD,,,,,,P
56841-146130,P,Kohei,Kohei Arihara,Arihara,9,2,6000,SD@TEX,TEX,SD,,,,,,P
56841-82656,P,Nate,Nate Pearson,Pearson,14.4,5,6000,LAA@TOR,TOR,LAA,IL,Groin,,,,P
56841-68490,P,Austin,Austin Voth,Voth,17.454545454545453,11,6000,WSH@LAD,WSH,LAD,,,,,,P
56841-66765,P,Jorge,Jorge Lopez,Lopez,17,1,5900,BOS@BAL,BAL,BOS,,,,,,P
56841-60637,P,Sean,Sean Newcomb,Newcomb,8.5,2,5900,PHI@ATL,ATL,PHI,,,,,,P
56841-38161,P,Chase,Chase Anderson,Anderson,18,1,5900,PHI@ATL,PHI,ATL,,,,,,P
56841-79227,P,Adrian,Adrian Morejon,Morejon,12,1,5900,SD@TEX,SD,TEX,,,,,,P
56841-101855,P,Trent,Trent Thornton,Thornton,4,2,5900,LAA@TOR,TOR,LAA,,,,,,P
56841-68505,P,Carson,Carson Fulmer,Fulmer,8.333333333333334,3,5900,CIN@ARI,CIN,ARI,,,,,,P
56841-68469,P,Adam,Adam Plutko,Plutko,14,2,5800,BOS@BAL,BAL,BOS,,,,,,P
56841-135226,P,Wes,Wes Benjamin,Benjamin,16,1,5700,SD@TEX,TEX,SD,,,,,,P
56841-13438,P,Drew,Drew Pomeranz,Pomeranz,7,3,5700,SD@TEX,SD,TEX,,,,,,P
56841-12455,P,Josh,Josh Tomlin,Tomlin,9.333333333333334,3,5700,PHI@ATL,ATL,PHI,,,,,,P
56841-21919,P,Matt,Matt Andriese,Andriese,8,3,5700,BOS@BAL,BOS,BAL,,,,,,P
56841-52887,P,Tyler,Tyler Matzek,Matzek,6.5,4,5700,PHI@ATL,ATL,PHI,,,,,,P
56841-13019,P,Garrett,Garrett Richards,Richards,-6,1,5700,BOS@BAL,BOS,BAL,,,,Yes,,P
56841-82650,P,Kyle,Kyle Cody,Cody,4.333333333333333,3,5700,SD@TEX,TEX,SD,,,,,,P
56841-82653,P,Ryan,Ryan Borucki,Borucki,5.5,4,5700,LAA@TOR,TOR,LAA,IL,Illness,,,,P
56841-68561,P,Luke,Luke Weaver,Weaver,17,1,5700,CIN@ARI,ARI,CIN,,,,,,P
56841-71742,P,Grant,Grant Dayton,Dayton,1,1,5600,PHI@ATL,ATL,PHI,,,,,,P
56841-118391,P,Brandon,Brandon Bailey,Bailey,5.6,5,5600,CIN@ARI,CIN,ARI,IL,Elbow,,,,P
56841-73363,P,Felix,Felix Pena,Pena,5.96,25,5600,LAA@TOR,LAA,TOR,IL,Hamstring,,,,P
56841-6018,P,Wade,Wade LeBlanc,LeBlanc,0,2,5600,BOS@BAL,BAL,BOS,,,,,,P
56841-52141,P,Lucas,Lucas Sims,Sims,6.333333333333333,3,5600,CIN@ARI,CIN,ARI,,,,,,P
56841-13312,P,Ryan,Ryan Brasier,Brasier,5.52,25,5500,BOS@BAL,BOS,BAL,IL,Calf,,,,P
56841-82974,P,Tanner,Tanner Rainey,Rainey,-3,1,5500,WSH@LAD,WSH,LAD,,,,,,P
56841-79927,P,Stefan,Stefan Crichton,Crichton,3,5,5500,CIN@ARI,ARI,CIN,,,,,,P
56841-11325,P,Sean,Sean Doolittle,Doolittle,7.5,4,5500,CIN@ARI,CIN,ARI,,,,,,P
56841-11327,P,Matt,Matt Bush,Bush,4,3,5500,SD@TEX,TEX,SD,IL,Elbow,,,,P
56841-79937,P,Cesar,Cesar Valdez,Valdez,11.333333333333334,3,5500,BOS@BAL,BAL,BOS,,,,,,P
56841-23626,P,Will,Will Harris,Harris,4.9,20,5500,WSH@LAD,WSH,LAD,IL,Hand,,,,P
56841-79960,P,Paul,Paul Fry,Fry,0.6666666666666666,3,5500,BOS@BAL,BAL,BOS,,,,,,P
56841-135256,P,Connor,Connor Brogdon,Brogdon,12.666666666666666,3,5500,PHI@ATL,PHI,ATL,,,,,,P
56841-5214,P,Anthony,Anthony Swarzak,Swarzak,3,2,5500,CIN@ARI,ARI,CIN,,,,,,P
56841-73828,P,Dan,Dan Altavilla,Altavilla,4.818181818181818,22,5500,SD@TEX,SD,TEX,IL,Calf,,,,P
56841-72809,P,Austin,Austin Brice,Brice,2.6666666666666665,3,5500,BOS@BAL,BOS,BAL,,,,,,P
56841-116847,P,Cole,Cole Sulser,Sulser,15,1,5500,BOS@BAL,BAL,BOS,,,,,,P
56841-38001,P,Matt,Matt Barnes,Barnes,13,3,5500,BOS@BAL,BOS,BAL,,,,,,P
56841-135294,P,Sam,Sam Clay,Clay,6,2,5500,WSH@LAD,WSH,LAD,,,,,,P
56841-13458,P,Nate,Nate Jones,Jones,4.666666666666667,3,5500,PHI@ATL,ATL,PHI,,,,,,P
56841-21653,P,Hector,Hector Neris,Neris,6.75,4,5500,PHI@ATL,PHI,ATL,,,,,,P
56841-81044,P,Austin,Austin Adams,Adams,9,3,5500,SD@TEX,SD,TEX,IL,Elbow,,,,P
56841-6295,P,Daniel,Daniel Hudson,Hudson,15,1,5500,WSH@LAD,WSH,LAD,,,,,,P
56841-73882,P,Joely,Joely Rodriguez,Rodriguez,6.666666666666667,12,5500,SD@TEX,TEX,SD,IL,Ankle,,,,P
56841-80033,P,Emilio,Emilio Pagan,Pagan,8,4,5500,SD@TEX,SD,TEX,,,,,,P
56841-80034,P,Jose,Jose Alvarado,Alvarado,11,3,5500,PHI@ATL,PHI,ATL,,,,,,P
56841-12452,P,Kenley,Kenley Jansen,Jansen,3.6666666666666665,3,5500,WSH@LAD,LAD,WSH,,,,,,P
56841-13479,P,Joe,Joe Kelly,Kelly,4.25,12,5500,WSH@LAD,LAD,WSH,IL,Shoulder,,,,P
56841-140459,P,John,John King,King,8,3,5500,SD@TEX,TEX,SD,,,,,,P
56841-83116,P,Wander,Wander Suero,Suero,3.3333333333333335,3,5500,WSH@LAD,WSH,LAD,,,,,,P
56841-13495,P,Rafael,Rafael Dolis,Dolis,3.8,5,5500,LAA@TOR,TOR,LAA,,,,,,P
56841-71875,P,Mike,Mike Mayers,Mayers,7,5,5500,LAA@TOR,LAA,TOR,,,,,,P
56841-135361,P,Nabil,Nabil Crismatt,Crismatt,10.5,2,5500,SD@TEX,SD,TEX,,,,,,P
56841-83145,P,Jose,Jose Castillo,Castillo,,,5500,SD@TEX,SD,TEX,IL,Elbow,,,,P
56841-38096,P,David,David Hale,Hale,1.5,2,5500,PHI@ATL,PHI,ATL,,,,,,P
56841-145622,P,Matt,Matt Peacock,Peacock,18,1,5500,CIN@ARI,ARI,CIN,,,,,,P
56841-83158,P,Seranthony,Seranthony Dominguez,Dominguez,,,5500,PHI@ATL,PHI,ATL,IL,Elbow,,,,P
56841-38106,P,Kirby,Kirby Yates,Yates,3.1666666666666665,6,5500,LAA@TOR,TOR,LAA,IL,Elbow,,,,P
56841-83172,P,Jonathan,Jonathan Hernandez,Hernandez,6.888888888888889,27,5500,SD@TEX,TEX,SD,IL,Elbow,,,,P
56841-79084,P,Tanner,Tanner Scott,Scott,11,2,5500,BOS@BAL,BAL,BOS,,,,,,P
56841-79088,P,Travis,Travis Lakins Sr.,Lakins Sr.,6.636363636363637,22,5500,BOS@BAL,BAL,BOS,,,,,,P
56841-83184,P,Julian,Julian Merryweather,Merryweather,11,3,5500,LAA@TOR,TOR,LAA,,,,,,P
56841-12581,P,Brandon,Brandon Kintzler,Kintzler,5.666666666666667,3,5500,PHI@ATL,PHI,ATL,,,,,,P
56841-85288,P,Brusdar,Brusdar Graterol,Graterol,3.9565217391304346,23,5500,WSH@LAD,LAD,WSH,IL,Not injury related,,,,P
56841-13635,P,Brad,Brad Hand,Hand,6.521739130434782,23,5500,WSH@LAD,WSH,LAD,,,,,,P
56841-38217,P,Tommy,Tommy Kahnle,Kahnle,12,1,5500,WSH@LAD,LAD,WSH,IL,Elbow,,,,P
56841-21846,P,Chris,Chris Devenski,Devenski,1.5,2,5500,CIN@ARI,ARI,CIN,O,Personal,,,,P
56841-118106,P,Victor,Victor Gonzalez,Gonzalez,3.5,4,5500,WSH@LAD,LAD,WSH,,,,,,P
56841-135530,P,Brett,Brett de Geus,de Geus,2.6666666666666665,3,5500,SD@TEX,TEX,SD,,,,,,P
56841-12675,P,Steve,Steve Cishek,Cishek,3.5,4,5500,LAA@TOR,LAA,TOR,,,,,,P
56841-62871,P,Junior,Junior Guerra,Guerra,12.666666666666666,3,5500,LAA@TOR,LAA,TOR,,,,,,P
56841-38304,P,Archie,Archie Bradley,Bradley,4.666666666666667,3,5500,PHI@ATL,PHI,ATL,,,,,,P
56841-61858,P,Raisel,Raisel Iglesias,Iglesias,7.8,5,5500,LAA@TOR,LAA,TOR,,,,,,P
56841-79266,P,Brett,Brett Martin,Martin,4.333333333333333,15,5500,SD@TEX,TEX,SD,,,,,,P
56841-118182,P,Ben,Ben Braymer,Braymer,16.333333333333332,3,5500,WSH@LAD,WSH,LAD,,,,,,P
56841-101801,P,Joel,Joel Payamps,Payamps,12,2,5500,LAA@TOR,TOR,LAA,,,,,,P
56841-57770,P,Alex,Alex Claudio,Claudio,1.3333333333333333,3,5500,LAA@TOR,LAA,TOR,,,,,,P
56841-101803,P,Jacob,Jacob Webb,Webb,7.5,8,5500,PHI@ATL,ATL,PHI,,,,,,P
56841-101804,P,Huascar,Huascar Ynoa,Ynoa,16.5,2,5500,PHI@ATL,ATL,PHI,,,,,,P
56841-101809,P,Josh,Josh Taylor,Taylor,0,3,5500,BOS@BAL,BOS,BAL,,,,,,P
56841-118195,P,Tejay,Tejay Antone,Antone,10.5,2,5500,CIN@ARI,CIN,ARI,,,,,,P
56841-101822,P,Josh,Josh Sborz,Sborz,2.5,4,5500,SD@TEX,TEX,SD,,,,,,P
56841-118213,P,DeMarcus,DeMarcus Evans,Evans,5.25,4,5500,SD@TEX,TEX,SD,IL,Lat,,,,P
56841-118215,P,Riley,Riley Smith,Smith,21,1,5500,CIN@ARI,ARI,CIN,,,,Yes,,P
56841-101851,P,Brock,Brock Burke,Burke,,,5500,SD@TEX,TEX,SD,IL,Shoulder,,,,P
56841-101856,P,Patrick,Patrick Murphy,Murphy,7.5,4,5500,LAA@TOR,TOR,LAA,IL,Shoulder,,,,P
56841-84452,P,Caleb,Caleb Ferguson,Ferguson,6.238095238095238,21,5500,WSH@LAD,LAD,WSH,IL,Elbow,,,,P
56841-96760,P,Kyle,Kyle McGowin,McGowin,5,2,5500,WSH@LAD,WSH,LAD,,,,,,P
56841-52733,P,Scott,Scott Alexander,Alexander,3.5,2,5500,WSH@LAD,LAD,WSH,,,,,,P
56841-145917,P,Mac,Mac Sceroler,Sceroler,20,1,5500,BOS@BAL,BAL,BOS,,,,,,P
56841-145922,P,Tyler,Tyler Wells,Wells,5.333333333333333,3,5500,BOS@BAL,BAL,BOS,,,,,,P
56841-119298,P,Luis,Luis Frias,Frias,,,5500,CIN@ARI,ARI,CIN,,,,,,P
56841-85517,P,Trey,Trey Wingenter,Wingenter,,,5500,SD@TEX,SD,TEX,IL,Elbow,,,,P
56841-101904,P,Jordan,Jordan Romano,Romano,7.666666666666667,3,5500,LAA@TOR,TOR,LAA,,,,,,P
56841-71190,P,Jose,Jose Leclerc,Leclerc,6,2,5500,SD@TEX,TEX,SD,IL,Elbow,,,,P
56841-5658,P,Joakim,Joakim Soria,Soria,2,1,5500,CIN@ARI,ARI,CIN,IL,Calf,,,,P
56841-79402,P,Cionel,Cionel Perez,Perez,8.333333333333334,3,5500,CIN@ARI,CIN,ARI,,,,,,P
56841-80461,P,Ryne,Ryne Harper,Harper,4,23,5500,WSH@LAD,WSH,LAD,,,,,,P
56841-82538,P,Darwinzon,Darwinzon Hernandez,Hernandez,5.333333333333333,3,5500,BOS@BAL,BOS,BAL,,,,,,P
56841-118381,P,Kyle,Kyle Finnegan,Finnegan,5.5,2,5500,WSH@LAD,WSH,LAD,,,,,,P
56841-82547,P,Thomas,Thomas Hatch,Hatch,8.352941176470589,17,5500,LAA@TOR,TOR,LAA,IL,Elbow,,,,P
56841-52865,P,Corey,Corey Knebel,Knebel,7,4,5500,WSH@LAD,LAD,WSH,,,,,,P
56841-82591,P,Chris,Chris Rodriguez,Rodriguez,13.333333333333334,3,5500,LAA@TOR,LAA,TOR,,,,,,P
56841-82592,P,Dennis,Dennis Santana,Santana,6.75,12,5500,WSH@LAD,LAD,WSH,,,,,,P
56841-13992,P,Luis,Luis Avilan,Avilan,6,2,5500,WSH@LAD,WSH,LAD,,,,,,P
56841-17065,P,Blake,Blake Treinen,Treinen,7,3,5500,WSH@LAD,LAD,WSH,,,,,,P
56841-82603,P,Mitch,Mitch White,White,10.5,2,5500,WSH@LAD,LAD,WSH,,,,,,P
56841-114356,P,Kevin,Kevin Ginkel,Ginkel,4.75,4,5500,CIN@ARI,ARI,CIN,,,,,,P
56841-53953,P,Keone,Keone Kela,Kela,10,3,5500,SD@TEX,SD,TEX,,,,,,P
56841-38596,P,Chris,Chris Martin,Martin,2.5,2,5500,PHI@ATL,ATL,PHI,DTD,Finger,,,,P
56841-82631,P,Taylor,Taylor Hearn,Hearn,6.333333333333333,3,5500,SD@TEX,TEX,SD,,,,,,P
56841-82633,P,Michel,Michel Baez,Baez,7.666666666666667,3,5500,SD@TEX,SD,TEX,IL,Elbow,,,,P
56841-81615,P,Tim,Tim Mayza,Mayza,6,3,5500,LAA@TOR,TOR,LAA,,,,,,P
56841-13010,P,David,David Phelps,Phelps,6,5,5500,LAA@TOR,TOR,LAA,,,,,,P
56841-81620,P,Aaron,Aaron Slegers,Slegers,6,4,5500,LAA@TOR,LAA,TOR,,,,,,P
56841-147169,P,Hirokazu,Hirokazu Sawamura,Sawamura,6,3,5500,BOS@BAL,BOS,BAL,,,,,,P
56841-53990,P,Shawn,Shawn Armstrong,Armstrong,-1.6666666666666667,3,5500,BOS@BAL,BAL,BOS,,,,,,P
56841-81642,P,A.J.,A.J. Minter,Minter,6,4,5500,PHI@ATL,ATL,PHI,,,,,,P
56841-53048,P,Cam,Cam Bedrosian,Bedrosian,0,3,5500,CIN@ARI,CIN,ARI,,,,,,P
56841-68465,P,Yoan,Yoan Lopez,Lopez,9,3,5500,CIN@ARI,ARI,CIN,,,,,,P
56841-108421,P,Phillips,Phillips Valdez,Valdez,7,3,5500,BOS@BAL,BOS,BAL,,,,,,P
56841-13192,P,Tony,Tony Watson,Watson,6,3,5500,LAA@TOR,LAA,TOR,,,,,,P
56841-68510,P,Amir,Amir Garrett,Garrett,1,3,5500,CIN@ARI,CIN,ARI,,,,,,P
56841-8101,P,Ian,Ian Kennedy,Kennedy,8,3,5500,SD@TEX,TEX,SD,,,,,,P
56841-6054,P,Mark,Mark Melancon,Melancon,5.25,4,5500,SD@TEX,SD,TEX,,,,,,P
56841-68527,P,Jose,Jose De Leon,De Leon,36,1,5500,CIN@ARI,CIN,ARI,,,,,,P
56841-52143,P,Hunter,Hunter Harvey,Harvey,3.2,10,5500,BOS@BAL,BAL,BOS,IL,Oblique,,,,P
56841-52148,P,Pierce,Pierce Johnson,Johnson,5.875,24,5500,SD@TEX,SD,TEX,IL,Groin,,,,P
56841-68541,P,Taylor,Taylor Williams,Williams,5.333333333333333,3,5500,SD@TEX,SD,TEX,,,,,,P
56841-68552,P,Sam,Sam Coonrod,Coonrod,9,2,5500,PHI@ATL,PHI,ATL,,,,,,P
56841-5069,P,Craig,Craig Stammen,Stammen,6.5,2,5500,SD@TEX,SD,TEX,,,,,,P
56841-68556,P,Dillon,Dillon Tate,Tate,4,3,5500,BOS@BAL,BAL,BOS,,,,,,P
56841-79825,P,Sal,Sal Romano,Romano,4.25,4,5500,CIN@ARI,CIN,ARI,,,,,,P
56841-5074,P,Tyler,Tyler Clippard,Clippard,5.538461538461538,26,5500,CIN@ARI,ARI,CIN,IL,Shoulder,,,,P
56841-13271,P,Will,Will Smith,Smith,4,3,5500,PHI@ATL,ATL,PHI,,,,,,P
56841-52192,P,Luke,Luke Jackson,Jackson,6.333333333333333,3,5500,PHI@ATL,ATL,PHI,,,,,,P
56841-12257,P,Adam,Adam Ottavino,Ottavino,5,2,5500,BOS@BAL,BOS,BAL,,,,,,P
56841-102376,P,Garrett,Garrett Whitlock,Whitlock,20,2,5500,BOS@BAL,BOS,BAL,,,,,,P
56841-82923,P,Luke,Luke Bard,Bard,4.166666666666667,6,5500,LAA@TOR,LAA,TOR,IL,Hip,,,,P
56841-82924,P,Tim,Tim Hill,Hill,5.5,4,5500,SD@TEX,SD,TEX,,,,,,P
56841-68590,P,Javy,Javy Guerra,Guerra,2.642857142857143,14,5500,SD@TEX,SD,TEX,IL,Elbow,,,,P
56841-102395,P,Ryan,Ryan Weathers,Weathers,12,2,5500,SD@TEX,SD,TEX,,,,,,P
56841-12933,OF,Mike,Mike Trout,Trout,18.200000762939453,8,4500,LAA@TOR,LAA,TOR,,,,,,OF/UTIL
56841-39151,OF,Mookie,Mookie Betts,Betts,17.73999938964844,5,4400,WSH@LAD,LAD,WSH,DTD,Back,,,,OF/UTIL
56841-38412,SS,Corey,Corey Seager,Seager,13.900000435965401,7,4300,WSH@LAD,LAD,WSH,,,,,,SS/UTIL
56841-13342,OF,Nick,Nick Castellanos,Castellanos,20.471429007393972,7,4200,CIN@ARI,CIN,ARI,,,,,,OF/UTIL
56841-79756,OF,Ronald,Ronald Acuna Jr.,Acuna Jr.,18.142857142857142,7,4100,PHI@ATL,ATL,PHI,,,,,,OF/UTIL
56841-13540,OF,J.D.,J.D. Martinez,Martinez,20.74285670689174,7,4000,BOS@BAL,BOS,BAL,,,,,,OF/UTIL
56841-79159,1B/OF,Cody,Cody Bellinger,Bellinger,10.100000381469727,4,4000,WSH@LAD,LAD,WSH,IL,Calf,,,,C/1B/OF/UTIL
56841-21853,2B/OF,Ketel,Ketel Marte,Marte,17.583333333333332,6,4000,CIN@ARI,ARI,CIN,IL,Hamstring,,,,2B/OF/UTIL
56841-79282,OF,Juan,Juan Soto,Soto,11.524999618530273,4,4000,WSH@LAD,WSH,LAD,,,,,,OF/UTIL
56841-65881,SS,Trea,Trea Turner,Turner,13.350000381469727,4,3900,WSH@LAD,WSH,LAD,,,,,,SS/UTIL
56841-79215,1B,Rhys,Rhys Hoskins,Hoskins,12.885713849748884,7,3800,PHI@ATL,PHI,ATL,,,,,,C/1B/UTIL
56841-12928,1B,Eric,Eric Hosmer,Hosmer,13.900000435965401,7,3700,SD@TEX,SD,TEX,,,,,,C/1B/UTIL
56841-12948,OF,Bryce,Bryce Harper,Harper,9.257143293108259,7,3700,PHI@ATL,PHI,ATL,,,,,,OF/UTIL
56841-11334,1B,Freddie,Freddie Freeman,Freeman,10.157142639160156,7,3600,PHI@ATL,ATL,PHI,,,,,,C/1B/UTIL
56841-6312,3B,Justin,Justin Turner,Turner,17.028570992606028,7,3600,WSH@LAD,LAD,WSH,,,,,,3B/UTIL
56841-21705,2B/SS,Marcus,Marcus Semien,Semien,12.412500381469727,8,3600,LAA@TOR,TOR,LAA,,,,,,2B/SS/UTIL
56841-38321,OF,Joey,Joey Gallo,Gallo,11.971429007393974,7,3500,SD@TEX,TEX,SD,,,,,,OF/UTIL
56841-79401,C,Will,Will Smith,Smith,13.466667175292969,6,3500,WSH@LAD,LAD,WSH,,,,,,C/1B/UTIL
56841-16951,3B,Anthony,Anthony Rendon,Rendon,7.971428462437221,7,3500,LAA@TOR,LAA,TOR,,,,,,3B/UTIL
56841-16983,OF,George,George Springer,Springer,12.341176949295344,51,3500,LAA@TOR,TOR,LAA,IL,Quadriceps,,,,OF/UTIL
56841-79884,OF,Anthony,Anthony Santander,Santander,9.516666412353516,6,3400,BOS@BAL,BAL,BOS,,,,,,OF/UTIL
56841-85285,1B,Nate,Nate Lowe,Lowe,17.82857186453683,7,3400,SD@TEX,TEX,SD,,,,,,C/1B/UTIL
56841-38293,OF,Tyler,Tyler Naquin,Naquin,22.628570556640625,7,3400,CIN@ARI,CIN,ARI,,,,,,OF/UTIL
56841-13929,3B,Manny,Manny Machado,Machado,8.512499809265137,8,3400,SD@TEX,SD,TEX,,,,,,3B/UTIL
56841-11322,3B/2B,Mike,Mike Moustakas,Moustakas,13.728571210588727,7,3300,CIN@ARI,CIN,ARI,,,,,,2B/3B/UTIL
56841-79273,1B/3B,Vladimir,Vladimir Guerrero Jr.,Guerrero Jr.,12.787500381469727,8,3300,LAA@TOR,TOR,LAA,,,,,,C/1B/3B/UTIL
56841-82536,OF,Cedric,Cedric Mullins,Mullins,12.642857142857142,7,3300,BOS@BAL,BAL,BOS,,,,,,OF/UTIL
56841-12931,OF,Wil,Wil Myers,Myers,14.774999618530273,8,3300,SD@TEX,SD,TEX,,,,,,OF/UTIL
56841-52176,1B/2B,Max,Max Muncy,Muncy,12.8125,8,3300,WSH@LAD,LAD,WSH,,,,,,C/1B/2B/UTIL
56841-53401,OF,Trey,Trey Mancini,Mancini,7.185714176722935,7,3200,BOS@BAL,BAL,BOS,,,,,,OF/UTIL
56841-82440,OF,Shohei,Shohei Ohtani,Ohtani,16.424999237060547,8,3200,LAA@TOR,LAA,TOR,DTD,Finger,,,,OF/UTIL
56841-17139,C,J.T.,J.T. Realmuto,Realmuto,11.228571210588727,7,3200,PHI@ATL,PHI,ATL,,,,,,C/1B/UTIL
56841-102308,2B/3B,Jonathan,Jonathan India,India,13.257143293108259,7,3200,CIN@ARI,CIN,ARI,,,,,,2B/3B/UTIL
56841-82977,SS/3B,Isiah,Isiah Kiner-Falefa,Kiner-Falefa,10.67142813546317,7,3100,SD@TEX,TEX,SD,,,,,,3B/SS/UTIL
56841-37982,SS,Xander,Xander Bogaerts,Bogaerts,9.799999872843424,6,3100,BOS@BAL,BOS,BAL,,,,,,SS/UTIL
56841-21633,SS/3B,Eugenio,Eugenio Suarez,Suarez,10.916666666666666,6,3100,CIN@ARI,CIN,ARI,,,,,,3B/SS/UTIL
56841-118210,2B/1B,Jake,Jake Cronenworth,Cronenworth,8.787500381469727,8,3100,SD@TEX,SD,TEX,,,,,,C/1B/2B/UTIL
56841-13909,OF,Randal,Randal Grichuk,Grichuk,9.762499809265137,8,3100,LAA@TOR,TOR,LAA,,,,,,OF/UTIL
56841-104483,1B,Jared,Jared Walsh,Walsh,17.528570992606028,7,3000,LAA@TOR,LAA,TOR,,,,,,C/1B/UTIL
56841-79082,1B/OF,Ryan,Ryan Mountcastle,Mountcastle,8.585714067731585,7,3000,BOS@BAL,BAL,BOS,,,,,,C/1B/OF/UTIL
56841-79393,SS,Fernando,Fernando Tatis Jr.,Tatis Jr.,8.65999984741211,5,3000,SD@TEX,SD,TEX,IL,Shoulder,,,,SS/UTIL
56841-38561,2B/OF,Chris,Chris Taylor,Taylor,11.300000508626303,6,3000,WSH@LAD,LAD,WSH,,,,,,2B/OF/UTIL
56841-82654,SS,Bo,Bo Bichette,Bichette,8.824999809265137,8,3000,LAA@TOR,TOR,LAA,,,,,,SS/UTIL
56841-38872,OF,Jesse,Jesse Winker,Winker,14.433333079020182,3,3000,CIN@ARI,CIN,ARI,DTD,Calf,,,,OF/UTIL
56841-102370,3B/1B,Alec,Alec Bohm,Bohm,9.414285932268415,7,3000,PHI@ATL,PHI,ATL,,,,,,C/1B/3B/UTIL
56841-5221,3B/1B,Asdrubal,Asdrubal Cabrera,Cabrera,9.799999782017299,7,2900,CIN@ARI,ARI,CIN,,,,,,C/1B/3B/UTIL
56841-13487,OF,Tommy,Tommy Pham,Pham,4.925000190734863,8,2900,SD@TEX,SD,TEX,,,,,,OF/UTIL
56841-79108,OF/2B,Nick,Nick Senzel,Senzel,10.685714721679688,7,2900,CIN@ARI,CIN,ARI,,,,,,2B/OF/UTIL
56841-73023,OF,Teoscar,Teoscar Hernandez,Hernandez,6.228571210588727,7,2900,LAA@TOR,TOR,LAA,IL,Undisclosed,,,,OF/UTIL
56841-13792,2B/OF,Kike,Kike Hernandez,Hernandez,7.585714067731585,7,2900,BOS@BAL,BOS,BAL,,,,,,2B/OF/UTIL
56841-13858,C,Christian,Christian Vazquez,Vazquez,16.342857360839844,7,2900,BOS@BAL,BOS,BAL,,,,,,C/1B/UTIL
56841-82620,2B/OF,Nick,Nick Solak,Solak,10.571428571428571,7,2900,SD@TEX,TEX,SD,,,,,,2B/OF/UTIL
56841-17086,OF,Marcell,Marcell Ozuna,Ozuna,3,7,2900,PHI@ATL,ATL,PHI,,,,,,OF/UTIL
56841-68585,3B,Rafael,Rafael Devers,Devers,8.84999974568685,6,2900,BOS@BAL,BOS,BAL,,,,,,3B/UTIL
56841-6197,OF,Justin,Justin Upton,Upton,8.662500381469727,8,2800,LAA@TOR,LAA,TOR,,,,,,OF/UTIL
56841-79110,C,Tyler,Tyler Stephenson,Stephenson,10.949999809265137,4,2800,CIN@ARI,CIN,ARI,,,,,,C/1B/UTIL
56841-85277,3B/2B,Cavan,Cavan Biggio,Biggio,8.875,8,2800,LAA@TOR,TOR,LAA,,,,,,2B/3B/UTIL
56841-79165,2B,Gavin,Gavin Lux,Lux,8.512499809265137,8,2800,WSH@LAD,LAD,WSH,,,,,,2B/UTIL
56841-38218,1B,Christian,Christian Walker,Walker,6.974999904632568,8,2800,CIN@ARI,ARI,CIN,,,,,,C/1B/UTIL
56841-5456,OF,Andrew,Andrew McCutchen,McCutchen,6.9571429661342075,7,2800,PHI@ATL,PHI,ATL,,,,,,OF/UTIL
56841-52178,3B,Maikel,Maikel Franco,Franco,6.314285823277065,7,2800,BOS@BAL,BAL,BOS,,,,,,3B/UTIL
56841-68563,OF,Victor,Victor Robles,Robles,9.899999618530273,4,2800,WSH@LAD,WSH,LAD,,,,,,OF/UTIL
56841-79160,OF,Alex,Alex Verdugo,Verdugo,9.333333333333334,6,2700,BOS@BAL,BOS,BAL,,,,,,OF/UTIL
56841-13239,3B,Eduardo,Eduardo Escobar,Escobar,10.714285714285714,7,2700,CIN@ARI,ARI,CIN,,,,,,3B/UTIL
56841-52153,OF,David,David Dahl,Dahl,7.528571537562779,7,2700,SD@TEX,TEX,SD,,,,,,OF/UTIL
56841-68587,2B,Ozzie,Ozzie Albies,Albies,4.01428576878139,7,2700,PHI@ATL,ATL,PHI,,,,,,2B/UTIL
56841-13304,C,Tucker,Tucker Barnhart,Barnhart,17.1,5,2700,CIN@ARI,CIN,ARI,,,,,,C/1B/UTIL
56841-79156,2B/SS,David,David Fletcher,Fletcher,7.962500095367432,8,2600,LAA@TOR,LAA,TOR,,,,,,2B/SS/UTIL
56841-53586,OF,David,David Peralta,Peralta,5.400000095367432,8,2600,CIN@ARI,ARI,CIN,,,,,,OF/UTIL
56841-5488,1B,Joey,Joey Votto,Votto,5.442856924874442,7,2600,CIN@ARI,CIN,ARI,,,,,,C/1B/UTIL
56841-65991,C,Pedro,Pedro Severino,Severino,8.183333079020182,6,2600,BOS@BAL,BAL,BOS,,,,,,C/1B/UTIL
56841-13841,SS,Didi,Didi Gregorius,Gregorius,7.028571537562779,7,2600,PHI@ATL,PHI,ATL,,,,,,SS/UTIL
56841-54068,OF,Hunter,Hunter Renfroe,Renfroe,5.659999847412109,5,2600,BOS@BAL,BOS,BAL,,,,,,OF/UTIL
56841-81953,OF,Austin,Austin Hays,Hays,6.400000254313151,3,2500,BOS@BAL,BAL,BOS,IL,Hamstring,,,,OF/UTIL
56841-5177,1B,Albert,Albert Pujols,Pujols,7.680000305175781,5,2500,LAA@TOR,LAA,TOR,,,,,,C/1B/UTIL
56841-13516,C,Stephen,Stephen Vogt,Vogt,9.466666539510092,6,2500,CIN@ARI,ARI,CIN,,,,,,C/1B/UTIL
56841-79175,OF,Trent,Trent Grisham,Grisham,12.199999809265137,1,2500,SD@TEX,SD,TEX,,,,,,OF/UTIL
56841-13694,1B/OF,Marwin,Marwin Gonzalez,Gonzalez,8.733333587646484,6,2500,BOS@BAL,BOS,BAL,,,,,,C/1B/OF/UTIL
56841-118218,2B,Zach,Zach McKinstry,McKinstry,9.442856924874443,7,2500,WSH@LAD,LAD,WSH,,,,,,2B/UTIL
56841-16981,C,Yan,Yan Gomes,Gomes,0,1,2500,WSH@LAD,WSH,LAD,,,,,,C/1B/UTIL
56841-13924,OF,Kole,Kole Calhoun,Calhoun,13,1,2500,CIN@ARI,ARI,CIN,,,,,,OF/UTIL
56841-53994,1B,Josh,Josh Bell,Bell,7.58596480520148,57,2500,WSH@LAD,WSH,LAD,IL,Not injury related,,,,C/1B/UTIL
56841-52161,3B/2B,Rio,Rio Ruiz,Ruiz,7.799999872843425,6,2500,BOS@BAL,BAL,BOS,,,,,,2B/3B/UTIL
56841-13262,2B/OF,Jurickson,Jurickson Profar,Profar,6.949999809265137,8,2500,SD@TEX,SD,TEX,,,,,,2B/OF/UTIL
56841-80848,C,Victor,Victor Caratini,Caratini,10.94000015258789,5,2500,SD@TEX,SD,TEX,,,,,,C/1B/UTIL
56841-68586,SS,Dansby,Dansby Swanson,Swanson,4.414285659790039,7,2500,PHI@ATL,ATL,PHI,,,,,,SS/UTIL
56841-60631,OF,Kyle,Kyle Schwarber,Schwarber,8.64406779661017,59,2400,WSH@LAD,WSH,LAD,IL,Not injury related,,,,OF/UTIL
56841-82251,OF,Tim,Tim Locastro,Locastro,6.199999809265137,8,2400,CIN@ARI,ARI,CIN,,,,,,OF/UTIL
56841-118120,C,Jonah,Jonah Heim,Heim,18.450000762939453,2,2400,SD@TEX,TEX,SD,,,,,,C/1B/UTIL
56841-79212,C,Andrew,Andrew Knapp,Knapp,21.700000762939453,1,2400,PHI@ATL,PHI,ATL,,,,,,C/1B/UTIL
56841-13685,3B/OF,Brock,Brock Holt,Holt,10.800000190734863,4,2400,SD@TEX,TEX,SD,IL,Hamstring,,,,3B/OF/UTIL
56841-79272,OF,Lourdes,Lourdes Gurriel Jr.,Gurriel Jr.,3.557142802647182,7,2400,LAA@TOR,TOR,LAA,DTD,Illness,,,,OF/UTIL
56841-82530,1B/OF,Pavin,Pavin Smith,Smith,4.414285659790039,7,2400,CIN@ARI,ARI,CIN,,,,,,C/1B/OF/UTIL
56841-12919,SS,Jose,Jose Iglesias,Iglesias,6.224999904632568,8,2400,LAA@TOR,LAA,TOR,,,,,,SS/UTIL
56841-12970,OF,AJ,AJ Pollock,Pollock,6.185714176722935,7,2400,WSH@LAD,LAD,WSH,,,,,,OF/UTIL
56841-13099,C,Travis,Travis d'Arnaud,d'Arnaud,6.742857251848493,7,2400,PHI@ATL,ATL,PHI,,,,,,C/1B/UTIL
56841-13102,SS/2B,Freddy,Freddy Galvis,Galvis,4.842857360839844,7,2400,BOS@BAL,BAL,BOS,,,,,,2B/SS/UTIL
56841-12168,2B,Starlin,Starlin Castro,Castro,6.375,4,2400,WSH@LAD,WSH,LAD,,,,,,2B/UTIL
56841-5062,1B,Ryan,Ryan Zimmerman,Zimmerman,5.300000190734863,4,2400,WSH@LAD,WSH,LAD,,,,,,C/1B/UTIL
56841-13436,C,Max,Max Stassi,Stassi,7.150000254313151,6,2300,LAA@TOR,LAA,TOR,,,,,,C/1B/UTIL
56841-83186,OF,Aristides,Aristides Aquino,Aquino,7.128571646554129,7,2300,CIN@ARI,CIN,ARI,,,,,,OF/UTIL
56841-38297,C,Austin,Austin Barnes,Barnes,8.625,4,2300,WSH@LAD,LAD,WSH,,,,,,C/1B/UTIL
56841-79279,OF,Andrew,Andrew Stevenson,Stevenson,4.050000190734863,4,2300,WSH@LAD,WSH,LAD,,,,,,OF/UTIL
56841-113309,2B/SS,Josh,Josh Rojas,Rojas,2.2750000953674316,8,2300,CIN@ARI,ARI,CIN,,,,,,2B/SS/UTIL
56841-146160,2B/SS,Ha-Seong,Ha-Seong Kim,Kim,3.1000001089913503,7,2300,SD@TEX,SD,TEX,,,,,,2B/SS/UTIL
56841-13188,2B/3B,Jean,Jean Segura,Segura,5.7000002179827005,7,2300,PHI@ATL,PHI,ATL,,,,,,2B/3B/UTIL
56841-68492,C,Chance,Chance Sisco,Sisco,3.1666666666666665,3,2300,BOS@BAL,BAL,BOS,,,,,,C/1B/UTIL
56841-5104,1B,Pablo,Pablo Sandoval,Sandoval,9.480000305175782,5,2300,PHI@ATL,ATL,PHI,,,,,,C/1B/UTIL
56841-102418,2B,Eli,Eli White,White,4.4,5,2200,SD@TEX,TEX,SD,,,,,,2B/UTIL
56841-21612,SS,Nick,Nick Ahmed,Ahmed,8.987719084087171,57,2200,CIN@ARI,ARI,CIN,IL,Knee,,,,SS/UTIL
56841-79074,3B,Austin,Austin Riley,Riley,4.3714286259242465,7,2200,PHI@ATL,ATL,PHI,,,,,,3B/UTIL
56841-83173,C,Jose,Jose Trevino,Trevino,5.479999923706055,5,2200,SD@TEX,TEX,SD,,,,,,C/1B/UTIL
56841-109803,C,Austin,Austin Nola,Nola,9.704166412353516,48,2200,SD@TEX,SD,TEX,IL,Finger,,,,C/1B/UTIL
56841-60652,2B,Christian,Christian Arroyo,Arroyo,6.300000190734863,4,2200,BOS@BAL,BOS,BAL,,,,,,2B/UTIL
56841-101821,3B/1B,Edwin,Edwin Rios,Rios,6.683333079020183,6,2200,WSH@LAD,LAD,WSH,,,,,,C/1B/3B/UTIL
56841-80459,OF,Franchy,Franchy Cordero,Cordero,5.783333460489909,6,2200,BOS@BAL,BOS,BAL,,,,,,OF/UTIL
56841-82626,OF,Adam,Adam Haseley,Haseley,3.566666603088379,6,2200,PHI@ATL,PHI,ATL,,,,,,OF/UTIL
56841-102285,OF,Cristian,Cristian Pache,Pache,2.6285713740757535,7,2200,PHI@ATL,ATL,PHI,,,,,,OF/UTIL
56841-12237,C,Jonathan,Jonathan Lucroy,Lucroy,7.333333333333333,3,2200,WSH@LAD,WSH,LAD,,,,,,C/1B/UTIL
56841-5077,OF,Dexter,Dexter Fowler,Fowler,5.2999997820172995,7,2200,LAA@TOR,LAA,TOR,DTD,Knee,,,,OF/UTIL
56841-102438,SS,Geraldo,Geraldo Perdomo,Perdomo,3.799999952316284,4,2100,CIN@ARI,ARI,CIN,,,,,,SS/UTIL
56841-73871,C,Carson,Carson Kelly,Kelly,6.583333333333333,6,2100,CIN@ARI,ARI,CIN,,,,,,C/1B/UTIL
56841-73879,SS/2B,Pat,Pat Valaika,Valaika,2.299999952316284,4,2100,BOS@BAL,BAL,BOS,,,,,,2B/SS/UTIL
56841-102550,C,Luis,Luis Campusano,Campusano,2,3,2100,SD@TEX,SD,TEX,,,,,,C/1B/UTIL
56841-5311,C,Kurt,Kurt Suzuki,Suzuki,3,3,2100,LAA@TOR,LAA,TOR,,,,,,C/1B/UTIL
56841-85249,1B/3B,Bobby,Bobby Dalbec,Dalbec,1.8,5,2100,BOS@BAL,BOS,BAL,,,,,,C/1B/3B/UTIL
56841-79170,OF,Willie,Willie Calhoun,Calhoun,5.210345038052263,29,2100,SD@TEX,TEX,SD,IL,Groin,,,,OF/UTIL
56841-13691,OF,Ender,Ender Inciarte,Inciarte,1.5333333015441895,6,2100,PHI@ATL,ATL,PHI,,,,,,OF/UTIL
56841-79263,OF,Leody,Leody Taveras,Taveras,2.242857115609305,7,2100,SD@TEX,TEX,SD,,,,,,OF/UTIL
56841-79262,1B,Ronald,Ronald Guzman,Guzman,4.675000190734863,4,2100,SD@TEX,TEX,SD,,,,,,C/1B/UTIL
56841-79277,1B,Rowdy,Rowdy Tellez,Tellez,1,6,2100,LAA@TOR,TOR,LAA,,,,,,C/1B/UTIL
56841-81511,SS/2B,Kyle,Kyle Farmer,Farmer,3.2000001271565757,6,2100,CIN@ARI,CIN,ARI,,,,,,2B/SS/UTIL
56841-17025,2B/3B,Joe,Joe Panik,Panik,3,5,2100,LAA@TOR,TOR,LAA,,,,,,2B/3B/UTIL
56841-14038,OF,Khris,Khris Davis,Davis,6.226666768391927,30,2100,SD@TEX,TEX,SD,IL,Quadriceps,,,,OF/UTIL
56841-82659,3B,Carter,Carter Kieboom,Kieboom,1.5,2,2100,WSH@LAD,WSH,LAD,,,,,,3B/UTIL
56841-82660,2B,Luis,Luis Garcia,Garcia,2.299999952316284,4,2100,WSH@LAD,WSH,LAD,,,,,,2B/UTIL
56841-68481,OF,Roman,Roman Quinn,Quinn,4.7999997820172995,7,2100,PHI@ATL,PHI,ATL,,,,,,OF/UTIL
56841-68593,OF/2B,Jorge,Jorge Mateo,Mateo,4.3,5,2100,SD@TEX,SD,TEX,,,,,,2B/OF/UTIL
56841-5122,C,Alex,Alex Avila,Avila,4.660869432532269,23,2000,WSH@LAD,WSH,LAD,,,,,,C/1B/UTIL
56841-81948,SS,Breyvic,Breyvic Valera,Valera,,,2000,LAA@TOR,TOR,LAA,,,,,,SS/UTIL
56841-102439,3B,Andrew,Andrew Young,Young,6.466666539510091,12,2000,CIN@ARI,ARI,CIN,,,,,,3B/UTIL
56841-135227,2B,Jose,Jose Rojas,Rojas,2.066666603088379,3,2000,LAA@TOR,LAA,TOR,,,,,,2B/UTIL
56841-135224,OF,Yadiel,Yadiel Hernandez,Hernandez,2,3,2000,WSH@LAD,WSH,LAD,,,,,,OF/UTIL
56841-13451,SS,Ronald,Ronald Torreyes,Torreyes,0,1,2000,PHI@ATL,PHI,ATL,,,,,,SS/UTIL
56841-135305,3B,Tucupita,Tucupita Marcano,Marcano,1.3142856870378767,7,2000,SD@TEX,SD,TEX,,,,,,3B/UTIL
56841-102584,C,Tres,Tres Barrera,Barrera,0,1,2000,WSH@LAD,WSH,LAD,,,,,,C/1B/UTIL
56841-13535,SS/2B,Ehire,Ehire Adrianza,Adrianza,12.850000381469727,2,2000,PHI@ATL,ATL,PHI,,,,,,2B/SS/UTIL
56841-60649,C,Alex,Alex Jackson,Jackson,0,1,2000,PHI@ATL,ATL,PHI,,,,,,C/1B/UTIL
56841-85274,OF,DJ,DJ Stewart,Stewart,9.035484067855343,31,2000,BOS@BAL,BAL,BOS,IL,Hamstring,,,,OF/UTIL
56841-13687,3B,Jordy,Jordy Mercer,Mercer,2.711111068725586,9,2000,WSH@LAD,WSH,LAD,,,,,,3B/UTIL
56841-21890,SS,Orlando,Orlando Arcia,Arcia,1.625,4,2000,PHI@ATL,ATL,PHI,,,,,,SS/UTIL
56841-101820,1B/OF,Matt,Matt Beaty,Beaty,0,4,2000,WSH@LAD,LAD,WSH,,,,,,C/1B/OF/UTIL
56841-118204,OF,Ryan,Ryan McKenna,McKenna,1.5,2,2000,BOS@BAL,BAL,BOS,,,,,,OF/UTIL
56841-118214,3B/OF,Wyatt,Wyatt Mathisen,Mathisen,1,6,2000,CIN@ARI,ARI,CIN,,,,,,3B/OF/UTIL
56841-13771,2B/3B,Josh,Josh Harrison,Harrison,6.642424149946733,33,2000,WSH@LAD,WSH,LAD,IL,Not injury related,,,,2B/3B/UTIL
56841-118227,OF,Jorge,Jorge Ona,Ona,9.319999694824219,5,2000,SD@TEX,SD,TEX,IL,Elbow,,,,OF/UTIL
56841-101850,2B,Ramon,Ramon Urias,Urias,0.75,4,2000,BOS@BAL,BAL,BOS,,,,,,2B/UTIL
56841-96764,OF,Jonathan,Jonathan Davis,Davis,0.5333333412806193,6,2000,LAA@TOR,TOR,LAA,,,,,,OF/UTIL
56841-13892,3B/OF,Hernan,Hernan Perez,Perez,2.299999952316284,4,2000,WSH@LAD,WSH,LAD,,,,,,3B/OF/UTIL
56841-13917,OF,Juan,Juan Lagares,Lagares,0,1,2000,LAA@TOR,LAA,TOR,,,,,,OF/UTIL
56841-118396,OF,Mark,Mark Payton,Payton,3,8,2000,CIN@ARI,CIN,ARI,,,,,,OF/UTIL
56841-119439,C,Sam,Sam Huff,Huff,10.5,10,2000,SD@TEX,TEX,SD,IL,Hamstring,,,,C/1B/UTIL
56841-104085,2B,Josh,Josh VanMeter,VanMeter,0.8571428571428571,7,2000,CIN@ARI,ARI,CIN,,,,,,2B/UTIL
56841-119444,C,Alejandro,Alejandro Kirk,Kirk,0.6,5,2000,LAA@TOR,TOR,LAA,,,,,,C/1B/UTIL
56841-114357,1B,Brian,Brian O'Grady,O'Grady,0,1,2000,SD@TEX,SD,TEX,,,,,,C/1B/UTIL
56841-82655,C,Danny,Danny Jansen,Jansen,3.6400001525878904,5,2000,LAA@TOR,TOR,LAA,,,,,,C/1B/UTIL
56841-118497,OF,Shogo,Shogo Akiyama,Akiyama,6.364815040870949,54,2000,CIN@ARI,CIN,ARI,IL,Hamstring,,,,OF/UTIL
56841-13034,SS/OF,Charlie,Charlie Culberson,Culberson,2.25,4,2000,SD@TEX,TEX,SD,,,,,,SS/OF/UTIL
56841-148210,OF,Cody,Cody Wilson,Wilson,0,1,2000,WSH@LAD,WSH,LAD,,,,,,OF/UTIL
56841-17167,1B,Brad,Brad Miller,Miller,1.2399999618530273,5,2000,PHI@ATL,PHI,ATL,,,,,,C/1B/UTIL
56841-5904,1B,Chris,Chris Davis,Davis,3.0687499046325684,16,2000,BOS@BAL,BAL,BOS,IL,Back,,,,C/1B/UTIL
56841-6005,OF,Matt,Matt Joyce,Joyce,3,3,2000,PHI@ATL,PHI,ATL,,,,,,OF/UTIL
56841-68499,3B/OF,Johan,Johan Camargo,Camargo,1,3,2000,PHI@ATL,ATL,PHI,,,,,,3B/OF/UTIL
56841-68513,SS,Alex,Alex Blandino,Blandino,3.2000001271565757,6,2000,CIN@ARI,CIN,ARI,,,,,,SS/UTIL
56841-68538,2B,Franklin,Franklin Barreto,Barreto,1.8095238095238095,21,2000,LAA@TOR,LAA,TOR,IL,Elbow,,,,2B/UTIL
56841-52171,C,Kevin,Kevin Plawecki,Plawecki,7.699999809265137,2,2000,BOS@BAL,BOS,BAL,,,,,,C/1B/UTIL
56841-52182,C,Reese,Reese McGuire,McGuire,1.4684210325542248,19,2000,LAA@TOR,TOR,LAA,,,,,,C/1B/UTIL